Disclaimer: This file contains trip information collected to produce the Safety Score. Each record represents a trip. Trips on service mode or less than 0.1 miles in length are excluded as they are not included in the Safety Score calculation.,,,,,,,,,,,,,,
For more information about the Safety Score please refer to the support page: https://www.tesla.com/support/safety-score,,,,,,,,,,,,,,
,,,,,,,,,,,,,,
,,,,,,,,,,,,,,
Start time of trip (UTC),End time of trip (UTC),Miles driven on the trip,Miles driven on the trip while not using Autopilot,Seconds following with 1 second excluding Autopilot driving,Seconds following within 3 seconds excluding Autopilot driving,Unsafe following percent,Seconds experiencing longitudinal acceleration less than of -0.3g excluding Autopilot driving,Seconds experiencing longitudinal acceleration less than of -0.1g excluding Autopilot driving,Hard braking percent,Seconds experiencing lateral acceleration greater than 0.4g or less than -0.4g excluding Autopilot driving,Seconds experiencing lateral acceleration greater than 0.2g or less than -0.2g excluding Autopilot driving,Aggressive turning percent (AggressiveTurningNumerator / AggressiveTurningDenominator),Count of Forward Collision Warnings on the trip excluding warnings occurring while driving on Autopilot,Count of Forced Autopilot Disengagements on the trip
2023-07-20 07:05:03.270,2023-07-20 07:16:30.490,2.56,2.56,0,0,0,0,137999,0,0,8000,0,0,0
2023-07-20 07:30:14.112,2023-07-20 07:42:39.701,3.01,3.01,0,0,0,1000,78000,0.01,0,20001,0,0,0
2023-07-20 14:24:38.205,2023-07-20 14:43:41.628,9.14,9.14,0,0,0,8000,277001,0.03,2000,133999,0.01,0,0
2023-07-20 15:55:00.170,2023-07-20 15:57:28.677,0.37,0.37,0,0,0,0,19000,0,0,7000,0,0,0
2023-07-20 16:41:01.427,2023-07-20 17:02:23.384,6.87,6.87,0,0,0,4001,99000,0.04,2000,103001,0.02,0,0
2023-07-23 03:47:20.488,2023-07-23 04:19:34.070,16.09,3.55,0,0,0,3000,112000,0.03,1000,36001,0.03,0,0
2023-07-23 04:21:52.336,2023-07-23 04:24:41.036,0.22,0.22,0,0,0,0,11000,0,0,1000,0,0,0
2023-07-23 05:51:10.789,2023-07-23 05:59:11.605,4.44,2.71,0,19000,0,1000,73001,0.01,0,16999,0,0,0
2023-07-23 06:06:23.769,2023-07-23 06:36:23.877,19.71,9.63,8000,55000,0.15,1000,89997,0.01,1000,62998,0.02,0,0
2023-07-24 21:48:16.919,2023-07-24 23:19:58.830,83.01,60.23,276999,1661003,0.17,31001,811999,0.04,3000,247000,0.01,0,1
2023-07-24 23:27:40.549,2023-07-24 23:33:40.964,0.71,0.71,0,0,0,2000,53000,0.04,1000,11000,0.09,0,0
2023-07-25 00:10:45.517,2023-07-25 00:17:38.846,1.32,1.32,0,0,0,0,51000,0,0,5000,0,0,0
2023-07-25 00:33:23.591,2023-07-25 01:06:55.099,11.67,11.67,50000,143000,0.35,9000,285003,0.03,1000,22000,0.05,2,0
2023-07-25 02:47:27.712,2023-07-25 04:13:16.519,77.21,24.86,129001,470003,0.27,7000,184999,0.04,1000,92001,0.01,0,0
2023-07-25 04:16:38.174,2023-07-25 04:26:56.046,1.41,1.41,0,0,0,0,33000,0,0,5000,0,0,0
2023-07-25 14:14:01.085,2023-07-25 14:47:31.952,23.89,16.57,9000,186000,0.05,9001,339002,0.03,2000,130004,0.02,0,0
2023-07-25 14:52:43.811,2023-07-25 15:37:17.055,23.83,22.94,183999,479001,0.38,24000,363002,0.07,4001,55000,0.07,0,0
2023-07-26 00:54:38.452,2023-07-26 01:35:13.266,3.79,3.79,0,3000,0,0,92000,0,0,6000,0,0,0
2023-07-26 01:53:38.106,2023-07-26 01:55:25.615,0.29,0.29,0,0,0,0,9000,0,0,1000,0,0,0
2023-07-26 02:08:15.951,2023-07-26 02:09:40.651,0.22,0.22,0,0,0,0,9000,0,0,6000,0,0,0
2023-07-26 02:43:04.944,2023-07-26 03:01:27.647,11.58,5.41,7000,120000,0.06,7999,122004,0.07,0,21000,0,0,0
2023-07-26 04:02:48.705,2023-07-26 04:47:29.972,33.25,23.97,18000,98999,0.18,8999,243005,0.04,3000,159001,0.02,0,0
2023-07-26 14:38:57.861,2023-07-26 15:43:58.525,43.17,25.9,49000,379999,0.13,37999,605002,0.06,7000,282005,0.02,0,0
2023-07-27 00:29:16.910,2023-07-27 01:42:31.663,28.73,23.51,58001,400002,0.15,6000,312000,0.02,1000,22000,0.05,1,0
2023-07-27 02:24:55.969,2023-07-27 02:25:55.667,0.11,0.11,0,0,0,0,13000,0,0,3000,0,0,0
2023-07-27 02:31:44.533,2023-07-27 02:33:02.986,0.1,0.1,0,0,0,0,4000,0,0,5000,0,0,0
2023-07-27 02:34:25.387,2023-07-27 02:46:09.526,0.86,0.86,0,0,0,1000,27000,0.04,0,8000,0,0,0
2023-07-27 04:04:29.150,2023-07-27 04:32:02.769,15.98,6.66,0,2000,0,2000,119000,0.02,2000,113999,0.02,0,0
2023-07-27 22:13:56.702,2023-07-27 23:27:04.283,67.67,47.12,427002,1523002,0.28,24000,468003,0.05,6000,191003,0.03,0,0
2023-07-27 23:36:54.519,2023-07-28 00:22:12.649,22.73,17.2,71001,297001,0.24,10000,312004,0.03,0,39000,0,1,0
2023-07-28 00:22:54.647,2023-07-28 00:34:01.979,2.3,2.3,0,0,0,6000,77002,0.08,0,2000,0,1,0
2023-07-28 03:43:35.777,2023-07-28 03:54:01.352,1.83,1.83,0,0,0,0,43999,0,0,1000,0,0,0
2023-07-28 04:01:57.677,2023-07-28 04:27:23.333,1.47,1.47,0,0,0,0,30000,0,0,0,0,0,0
2023-07-28 05:23:52.526,2023-07-28 05:38:00.194,1.58,1.58,0,0,0,1000,67000,0.01,0,3000,0,0,0
2023-07-28 08:10:19.091,2023-07-28 09:00:13.933,24.45,23.23,14000,69000,0.2,3000,149001,0.02,0,9000,0,0,0
2023-07-28 10:01:23.600,2023-07-28 10:55:26.028,20.12,12.6,12000,75000,0.16,0,64000,0,0,2000,0,0,0
2023-07-28 10:56:46.230,2023-07-28 11:34:44.567,11.24,6.81,0,0,0,0,89001,0,0,2000,0,0,0
2023-07-28 11:46:03.844,2023-07-28 12:55:29.239,30.42,30.22,34000,333001,0.1,0,110002,0,0,25001,0,0,0
2023-07-28 12:56:21.391,2023-07-28 13:14:16.327,12.37,12.31,0,18000,0,4000,111001,0.04,7000,241002,0.03,0,0
2023-07-29 01:31:42.062,2023-07-29 03:06:50.602,92.7,68.16,306002,1789002,0.17,3000,525001,0.01,1000,137000,0.01,0,0
2023-07-29 04:27:37.833,2023-07-29 04:52:22.946,0.25,0.25,0,0,0,0,5000,0,0,0,0,0,0
2023-07-29 05:06:47.680,2023-07-29 05:14:44.190,2.7,2.7,9000,34000,0.26,0,65000,0,0,24000,0,0,0
2023-07-29 07:06:25.997,2023-07-29 07:39:39.774,0.88,0.88,0,0,0,0,32000,0,0,4000,0,0,0
2023-07-29 09:34:51.708,2023-07-29 09:59:46.216,2.5,2.5,0,0,0,0,58000,0,0,0,0,0,0
2023-07-29 10:44:46.107,2023-07-29 11:04:44.301,0.43,0.43,0,0,0,0,17000,0,0,0,0,0,0
2023-07-29 21:43:14.694,2023-07-29 22:35:04.784,3.59,3.59,0,0,0,8000,114000,0.07,0,8000,0,0,0
2023-07-31 19:23:41.120,2023-07-31 20:22:29.535,27.11,21.18,103000,540998,0.19,3000,248999,0.01,0,13000,0,0,0
2023-07-31 21:40:45.936,2023-07-31 21:48:01.355,1.14,1.14,0,0,0,0,33000,0,0,0,0,0,0
2023-07-31 22:43:47.965,2023-07-31 23:08:13.024,1.13,1.13,0,0,0,2000,32000,0.06,0,4000,0,0,0
2023-07-31 23:27:23.926,2023-08-01 00:08:26.167,3.53,3.53,0,0,0,0,70000,0,0,11000,0,0,0
2023-08-01 01:19:13.106,2023-08-01 01:29:32.375,1.65,1.65,0,0,0,0,42001,0,0,3000,0,0,0
2023-08-01 01:35:03.840,2023-08-01 03:12:49.971,95.32,31.77,58000,399000,0.15,2000,178004,0.01,0,160004,0,0,0
2023-08-01 03:17:32.071,2023-08-01 03:23:12.593,1.4,1.4,0,0,0,0,41000,0,0,5000,0,0,0
2023-08-01 03:30:51.456,2023-08-01 03:34:51.511,0.79,0.79,0,0,0,0,46998,0,0,3001,0,0,0
2023-08-01 03:43:29.529,2023-08-01 03:45:44.839,0.66,0.66,0,0,0,1000,21000,0.05,0,2000,0,0,0
2023-08-01 03:54:06.204,2023-08-01 03:58:56.061,1.39,1.39,0,0,0,0,43999,0,0,7000,0,0,0
2023-08-01 19:30:07.626,2023-08-01 19:52:03.258,9.67,9.67,0,0,0,3000,286000,0.01,0,123000,0,0,0
2023-08-01 20:25:44.867,2023-08-01 20:28:30.675,0.1,0.1,0,0,0,0,2000,0,0,0,0,0,0
2023-08-01 20:29:23.778,2023-08-01 20:33:45.384,0.29,0.29,0,0,0,0,7000,0,0,1000,0,0,0
2023-08-01 21:00:32.094,2023-08-01 21:03:31.743,0.39,0.39,0,0,0,0,19001,0,0,6000,0,0,0
2023-08-01 21:08:15.303,2023-08-01 21:29:37.803,9.01,9.01,0,0,0,2000,140001,0.01,1000,116000,0.01,0,0
2023-08-04 03:22:33.974,2023-08-04 03:27:12.183,1.38,1.38,0,0,0,3000,69000,0.04,0,18000,0,0,0
2023-08-04 03:48:17.488,2023-08-04 03:51:48.197,1.4,1.4,0,0,0,4000,34000,0.12,5000,37000,0.14,0,0
2023-08-04 20:08:43.590,2023-08-04 20:14:11.350,0.67,0.67,0,0,0,2000,39000,0.05,0,9000,0,0,0
2023-08-04 20:19:36.705,2023-08-04 20:26:16.623,0.68,0.68,0,0,0,0,36000,0,0,11000,0,0,0
2023-08-05 00:33:36.940,2023-08-05 01:32:21.453,36.65,26,198000,664000,0.3,1000,241998,0,0,83001,0,1,0
2023-08-05 02:48:49.596,2023-08-05 02:53:40.154,0.19,0.19,0,0,0,0,4000,0,0,0,0,0,0
2023-08-05 04:31:32.341,2023-08-05 05:02:31.586,21.05,14.81,75001,345001,0.22,1000,96000,0.01,0,13000,0,0,0
2023-08-05 05:45:15.784,2023-08-05 06:11:50.343,15.83,11,0,43000,0,1000,81001,0.01,6000,142002,0.04,0,0
2023-08-05 07:09:51.372,2023-08-05 07:18:58.105,2.56,2.56,0,0,0,1000,102000,0.01,0,25000,0,0,0
2023-08-05 07:22:34.925,2023-08-05 07:31:15.158,2.58,2.37,0,0,0,2000,55000,0.04,0,16000,0,0,0
2023-08-06 20:39:53.681,2023-08-06 21:04:56.541,12.57,7.09,0,0,0,0,176999,0,0,66000,0,0,0
2023-08-06 22:03:15.245,2023-08-06 22:22:06.147,0.3,0.3,0,0,0,0,10000,0,0,2000,0,0,0
2023-08-06 22:49:03.072,2023-08-06 23:22:56.910,4.8,4.8,0,0,0,0,166000,0,0,12000,0,0,0
2023-08-07 01:56:14.893,2023-08-07 02:26:23.128,15.13,12.41,0,0,0,4000,124000,0.03,1000,111999,0.01,0,0
2023-08-07 02:34:10.644,2023-08-07 02:38:32.047,0.68,0.68,0,0,0,0,40000,0,0,10000,0,0,0
2023-08-07 22:11:20.031,2023-08-07 22:26:26.016,5.79,5.79,0,0,0,6000,238003,0.03,0,92001,0,0,0
2023-08-07 22:27:04.061,2023-08-08 00:33:27.136,89.13,79,441001,1933002,0.23,35998,908002,0.04,16000,463002,0.03,0,0
2023-08-08 01:13:00.086,2023-08-08 01:19:08.255,0.72,0.72,0,0,0,0,42001,0,0,7000,0,0,0
2023-08-08 01:26:33.720,2023-08-08 01:55:53.532,18.49,18.49,214001,497001,0.43,1000,144000,0.01,1000,10000,0.1,0,0
2023-08-08 02:47:12.719,2023-08-08 02:50:16.274,0.24,0.24,0,0,0,0,7000,0,0,0,0,0,0
2023-08-08 03:20:38.843,2023-08-08 04:44:31.860,68.39,17.47,25000,184999,0.14,3000,73001,0.04,1000,176001,0.01,0,0
2023-08-09 19:12:05.238,2023-08-09 19:14:47.549,0.68,0.68,0,0,0,0,38001,0,0,11000,0,0,0
2023-08-09 19:17:42.953,2023-08-09 19:20:28.559,0.68,0.68,0,0,0,0,23000,0,0,13000,0,0,0
2023-08-11 00:46:39.341,2023-08-11 00:49:26.845,0.68,0.68,0,0,0,1000,34000,0.03,0,18000,0,0,0
2023-08-11 00:55:38.156,2023-08-11 00:59:04.763,0.68,0.68,0,0,0,0,32001,0,0,10000,0,0,0
2023-08-12 03:33:57.250,2023-08-12 04:11:22.810,28.49,21.97,102000,324000,0.31,7000,274002,0.03,2000,171001,0.01,0,0
2023-08-12 04:34:54.306,2023-08-12 04:49:59.282,0.54,0.54,0,0,0,0,30001,0,0,3000,0,0,0
2023-08-12 05:18:14.954,2023-08-12 05:38:34.407,9.35,6.57,60000,220998,0.27,2000,83001,0.02,0,13000,0,0,0
2023-08-12 05:49:53.429,2023-08-12 06:26:19.973,19.72,16.35,0,18000,0,3000,103001,0.03,1000,226003,0,0,0
2023-08-14 18:04:20.764,2023-08-14 18:50:25.547,31.97,15.65,38000,146000,0.26,14000,254003,0.06,7000,126001,0.06,0,0
2023-08-14 18:54:48.710,2023-08-14 19:27:35.887,12.76,10.52,45999,221001,0.21,14000,145002,0.1,0,19000,0,0,0
2023-08-14 19:56:52.653,2023-08-14 20:13:57.745,8.31,8.31,166000,322000,0.52,7000,134000,0.05,0,25000,0,0,0
2023-08-15 00:05:46.683,2023-08-15 00:17:28.014,0.97,0.97,0,0,0,2000,38001,0.05,0,9000,0,0,0
2023-08-15 02:05:35.862,2023-08-15 02:32:44.365,23.35,17.48,151000,447000,0.34,10000,162000,0.06,0,24000,0,0,0
2023-08-15 03:57:40.908,2023-08-15 04:25:19.226,15.83,12.55,8000,38000,0.21,5000,143998,0.03,4000,209003,0.02,0,0
2023-08-18 04:01:50.902,2023-08-18 04:06:19.360,0.68,0.68,0,0,0,0,45999,0,0,7000,0,0,0
2023-08-18 04:18:41.685,2023-08-18 04:24:51.554,0.69,0.69,0,0,0,0,23998,0,0,9000,0,0,0
2023-08-22 02:30:40.763,2023-08-22 02:34:55.064,1.4,1.4,0,0,0,0,53001,0,0,7999,0,0,0
2023-08-22 02:41:12.031,2023-08-22 02:46:01.734,1.41,1.41,0,0,0,0,19000,0,0,5000,0,0,0
2023-08-22 18:00:36.444,2023-08-22 19:06:37.310,58.69,26.92,54999,344001,0.16,10001,402006,0.02,0,198002,0,0,0
2023-08-22 19:11:35.823,2023-08-22 19:53:30.649,25.51,14.52,130997,337997,0.39,3000,145998,0.02,0,21002,0,0,0
2023-08-22 20:14:33.747,2023-08-22 20:32:32.097,1.54,1.54,0,0,0,1000,82002,0.01,0,0,0,0,0
2023-08-22 20:42:07.516,2023-08-22 20:45:08.076,0.68,0.68,0,0,0,0,15000,0,0,2000,0,0,0
2023-08-22 20:58:32.332,2023-08-22 21:16:49.151,0.45,0.45,0,0,0,0,8000,0,0,2000,0,0,0
2023-08-22 21:54:42.948,2023-08-22 21:56:48.091,0.28,0.28,0,0,0,0,10001,0,0,3001,0,0,0
2023-08-22 21:59:23.668,2023-08-22 22:21:38.608,0.82,0.82,0,0,0,0,70001,0,0,4000,0,0,0
2023-08-22 23:03:03.089,2023-08-22 23:19:25.435,0.48,0.48,0,0,0,0,21999,0,0,2000,0,0,0
2023-08-22 23:25:03.546,2023-08-22 23:33:33.171,1.11,1.11,0,0,0,1000,40003,0.02,0,4000,0,0,0
2023-08-22 23:35:08.322,2023-08-22 23:38:09.882,0.36,0.36,0,0,0,0,10999,0,0,1000,0,0,0
2023-08-22 23:47:27.553,2023-08-22 23:55:35.224,0.31,0.31,0,0,0,0,15999,0,0,0,0,0,0
2023-08-23 00:20:37.093,2023-08-23 00:59:57.247,4.87,4.87,0,0,0,0,175998,0,0,18000,0,1,0
2023-08-23 02:12:21.820,2023-08-23 02:27:53.254,1.22,1.22,0,0,0,0,52999,0,0,0,0,0,0
2023-08-23 02:57:20.331,2023-08-23 03:16:39.521,0.71,0.71,0,0,0,0,13999,0,0,0,0,0,0
2023-08-23 03:26:55.551,2023-08-23 03:56:12.720,8.53,8.27,16000,95000,0.17,0,84996,0,0,5999,0,0,0
2023-08-23 04:19:47.523,2023-08-23 05:23:34.034,59.6,59.46,394000,1921998,0.2,2999,109001,0.03,0,26000,0,0,0
2023-08-23 06:13:26.500,2023-08-23 06:15:45.759,0.29,0.29,0,0,0,0,15999,0,0,8000,0,0,0
2023-08-23 06:18:56.861,2023-08-23 06:52:36.389,15.93,15.35,0,0,0,7001,81000,0.09,1000,127996,0.01,0,0
2023-08-26 11:45:17.385,2023-08-26 11:52:27.805,0.7,0.7,0,0,0,0,158000,0,0,1000,0,0,0
2023-08-26 11:54:12.153,2023-08-26 12:54:11.659,47.52,23.46,15999,117999,0.14,13001,429004,0.03,0,51998,0,0,0
2023-08-26 13:14:08.346,2023-08-26 13:31:59.727,5.01,3.97,0,10000,0,0,30999,0,0,2000,0,0,0
2023-08-26 13:48:36.511,2023-08-26 14:42:49.634,39.69,9.39,8000,76999,0.1,3000,71003,0.04,0,6000,0,0,0
2023-08-26 16:13:47.956,2023-08-26 16:35:33.308,6.03,5.35,0,0,0,2000,96002,0.02,1001,6001,0.17,0,0
2023-08-26 16:46:28.188,2023-08-26 16:56:25.811,0.51,0.51,0,0,0,0,19000,0,0,1000,0,0,0
2023-08-26 17:08:51.194,2023-08-26 17:17:48.368,0.55,0.55,0,0,0,0,20000,0,0,0,0,0,0
2023-08-26 17:20:17.722,2023-08-26 17:41:03.228,1.85,1.85,0,0,0,1000,39000,0.03,0,3000,0,0,0
2023-08-26 18:06:39.747,2023-08-26 18:08:43.602,0.17,0.17,0,0,0,0,8000,0,0,2000,0,0,0
2023-08-26 18:37:30.376,2023-08-26 18:40:43.335,0.22,0.22,0,0,0,0,7000,0,0,0,0,0,0
2023-08-26 18:42:34.332,2023-08-26 19:00:52.781,7.44,7.44,0,69000,0,4999,133000,0.04,999,13999,0.07,0,0
2023-08-28 03:58:53.848,2023-08-28 04:21:12.808,2.82,2.82,0,0,0,3000,54001,0.06,0,6000,0,0,0
2023-08-28 05:44:53.124,2023-08-28 05:53:43.829,2.28,2.28,0,0,0,3000,32999,0.09,0,2001,0,0,0
2023-08-30 19:45:30.999,2023-08-30 20:31:01.364,45.6,11.48,17000,181000,0.09,5000,106000,0.05,1000,33000,0.03,0,0
2023-08-30 21:09:12.162,2023-08-30 21:40:06.803,29.24,2.23,5000,29000,0.17,2000,67000,0.03,0,11999,0,0,0
2023-08-30 21:54:12.749,2023-08-30 21:55:51.951,0.11,0.11,0,0,0,0,7999,0,0,0,0,0,0
2023-08-30 22:10:34.206,2023-08-30 23:27:38.938,51.09,19.3,65001,301001,0.22,4999,257007,0.02,0,18000,0,2,0
2023-08-30 23:28:54.643,2023-08-30 23:47:10.690,1.5,1.5,0,0,0,0,47000,0,0,10000,0,0,0
2023-08-30 23:52:44.400,2023-08-31 00:06:30.839,0.43,0.43,0,0,0,0,29000,0,0,3000,0,0,0
2023-08-31 00:31:12.694,2023-08-31 00:44:43.676,2.07,2.07,0,0,0,0,81000,0,0,9000,0,0,0
2023-08-31 00:49:58.257,2023-08-31 01:21:20.433,1.78,1.78,0,0,0,0,726003,0,0,7000,0,1,0
2023-08-31 01:29:09.945,2023-08-31 01:46:36.195,1.6,1.6,0,0,0,0,114000,0,0,5000,0,0,0
2023-08-31 02:25:34.587,2023-08-31 02:40:01.529,1.58,1.58,0,0,0,1000,97000,0.01,0,5000,0,0,0
2023-08-31 02:51:43.704,2023-08-31 04:09:45.726,65.38,22.16,198001,574001,0.34,0,123000,0,0,17000,0,0,0
2023-08-31 04:52:38.683,2023-08-31 05:49:28.579,60.47,9.83,31001,108001,0.29,0,89000,0,0,22000,0,0,0
2023-08-31 06:12:35.733,2023-08-31 06:23:48.058,2.34,2.34,0,0,0,0,50000,0,0,5000,0,0,0
2023-08-31 22:09:13.825,2023-08-31 22:13:21.237,0.55,0.55,0,0,0,0,19000,0,0,0,0,0,0
2023-08-31 22:15:23.693,2023-08-31 22:18:44.548,0.51,0.51,0,0,0,0,14002,0,0,2000,0,0,0
2023-08-31 23:50:06.936,2023-08-31 23:54:20.367,0.33,0.33,0,0,0,0,13000,0,0,0,0,0,0
2023-09-01 00:33:18.430,2023-09-01 00:48:24.944,1.22,1.22,0,0,0,0,16000,0,0,0,0,0,0
2023-09-01 04:09:04.262,2023-09-01 04:14:06.018,0.67,0.67,0,0,0,0,17000,0,0,0,0,0,0
2023-09-01 19:20:23.625,2023-09-01 19:32:31.704,1.03,1.03,0,0,0,0,13000,0,0,0,0,0,0
2023-09-01 19:50:40.398,2023-09-01 20:10:18.497,0.66,0.66,0,0,0,0,8000,0,0,0,0,0,0
2023-09-01 23:31:07.570,2023-09-02 00:01:16.393,9.84,9.06,0,0,0,2000,81000,0.02,0,3000,0,0,0
2023-09-02 03:37:12.388,2023-09-02 03:56:59.338,6.39,5.24,0,0,0,0,63998,0,0,1000,0,0,0
2023-09-03 16:19:37.339,2023-09-03 16:30:29.011,1.25,1.25,0,0,0,0,41999,0,0,4000,0,0,0
2023-09-04 05:12:12.126,2023-09-04 06:40:01.259,1.61,0.9,0,0,0,0,33000,0,0,0,0,0,0
2023-09-04 11:25:51.501,2023-09-04 11:40:10.431,1.57,0.57,0,0,0,0,9000,0,0,2000,0,0,0
2023-09-04 12:05:31.036,2023-09-04 12:37:38.554,1.93,0.75,0,0,0,0,21000,0,0,1000,0,0,0
2023-09-05 04:32:51.347,2023-09-05 04:51:07.445,2.53,2.53,0,0,0,0,40001,0,0,7000,0,0,0
2023-09-05 05:08:44.625,2023-09-05 05:17:37.593,2.96,2.68,0,0,0,1000,37001,0.03,0,7000,0,0,0
2023-09-06 02:40:56.542,2023-09-06 03:30:06.754,2.76,1.81,0,0,0,0,24000,0,0,14000,0,0,0
2023-09-06 05:30:19.336,2023-09-06 05:47:35.500,0.15,0.15,0,0,0,0,7000,0,0,1000,0,0,0
2023-09-06 06:19:35.430,2023-09-06 06:40:03.797,7.41,3.39,0,0,0,1000,45999,0.02,3000,24000,0.12,0,0
2023-09-06 06:40:41.130,2023-09-06 07:07:40.309,9.04,4.13,0,0,0,6000,78000,0.08,0,20000,0,0,0
2023-09-06 09:20:25.055,2023-09-06 09:26:02.008,1.38,1.04,0,0,0,0,33000,0,0,5000,0,0,0
2023-09-06 10:14:42.199,2023-09-06 10:23:45.262,1.83,1.83,0,0,0,0,55997,0,0,8000,0,0,0
2023-09-06 19:41:24.721,2023-09-06 19:53:07.029,1.13,1.13,0,0,0,0,27001,0,0,1000,0,0,0
2023-09-06 19:59:26.776,2023-09-06 21:02:53.219,50.71,34.38,294000,929000,0.32,6000,197000,0.03,0,33000,0,0,1
2023-09-06 21:15:07.399,2023-09-06 22:38:49.659,62.84,21.26,187001,556001,0.34,0,181000,0,0,7001,0,1,0
2023-09-06 23:18:58.430,2023-09-06 23:27:10.109,1.18,1.18,0,0,0,0,41000,0,0,0,0,1,0
2023-09-06 23:28:20.722,2023-09-06 23:44:41.143,0.84,0.84,0,0,0,0,49000,0,0,2000,0,0,0
2023-09-07 02:19:46.388,2023-09-07 03:44:44.217,9.82,9.82,58000,186000,0.31,6000,227001,0.03,0,26999,0,0,0
2023-09-07 05:19:55.233,2023-09-07 05:24:47.636,0.29,0.29,0,0,0,1000,11000,0.09,0,3000,0,0,0
2023-09-07 05:27:09.091,2023-09-07 05:33:07.858,0.34,0.34,0,0,0,1000,11000,0.09,0,0,0,0,0
2023-09-07 05:41:44.515,2023-09-07 05:49:53.234,0.24,0.24,0,0,0,0,6000,0,0,0,0,0,0
2023-09-07 06:35:39.316,2023-09-07 07:05:46.159,0.3,0.3,0,0,0,0,8000,0,0,1000,0,0,0
2023-09-07 07:10:00.166,2023-09-07 07:34:47.048,18.19,10.27,14000,99999,0.14,0,107997,0,0,19001,0,0,0
2023-09-07 09:51:36.832,2023-09-07 10:11:07.069,0.31,0.31,0,0,0,0,18001,0,0,5000,0,0,0
2023-09-07 10:48:39.260,2023-09-07 11:05:08.694,0.93,0.67,0,0,0,0,14000,0,0,0,0,0,0
2023-09-07 11:25:34.455,2023-09-07 11:44:31.695,13.32,4.84,7000,68000,0.1,3000,40001,0.07,0,7000,0,0,0
2023-09-07 11:46:48.850,2023-09-07 12:42:29.093,46.84,14.62,25000,224000,0.11,0,63001,0,0,2000,0,0,0
2023-09-07 18:15:44.311,2023-09-07 19:07:36.085,43.98,18.27,48000,193001,0.25,6000,159000,0.04,0,21000,0,0,0
2023-09-07 19:11:50.798,2023-09-07 19:31:15.150,2.37,2.37,0,0,0,1000,56000,0.02,0,10000,0,0,0
2023-09-09 06:12:07.663,2023-09-09 06:18:07.722,1.37,1.37,0,0,0,1000,36001,0.03,0,6000,0,0,0
2023-09-09 07:59:11.339,2023-09-09 08:37:19.991,7.49,6,0,0,0,1000,116001,0.01,0,11000,0,0,0
2023-09-10 11:19:02.867,2023-09-10 11:29:11.339,2,2,0,0,0,0,28999,0,0,7999,0,0,0
2023-09-10 11:41:56.750,2023-09-10 12:08:15.520,2.7,2.7,0,0,0,0,67999,0,0,8001,0,0,0
2023-09-10 12:39:10.879,2023-09-10 12:44:17.340,1.7,1.7,0,0,0,1000,17000,0.06,0,4000,0,0,0
2023-09-10 12:47:09.790,2023-09-10 12:54:20.862,1.84,1.84,0,0,0,0,16999,0,0,5000,0,0,0
2023-09-10 15:16:45.029,2023-09-10 15:38:57.487,1.68,1.68,0,0,0,0,15000,0,0,3000,0,0,0
2023-09-10 16:13:24.099,2023-09-10 16:33:54.585,1.83,1.83,0,4000,0,0,28000,0,0,4000,0,0,0
2023-09-11 01:02:10.882,2023-09-11 01:11:13.486,1.83,1.83,0,0,0,0,47000,0,0,7000,0,0,0
2023-09-11 01:23:49.787,2023-09-11 01:36:21.506,6.05,5.5,0,12000,0,2000,53998,0.04,0,20001,0,0,0
2023-09-11 02:15:48.007,2023-09-11 02:27:52.984,6.95,5.62,0,8000,0,4000,85002,0.05,0,6000,0,0,0
2023-09-11 02:59:07.400,2023-09-11 03:33:18.339,11.71,8.89,0,0,0,7000,210999,0.03,0,28000,0,0,0
2023-09-12 17:14:37.186,2023-09-12 17:44:54.904,2.33,2.33,0,0,0,4000,71000,0.06,0,15999,0,0,0
2023-09-12 19:04:18.510,2023-09-12 19:12:02.703,1.86,1.86,0,17000,0,0,54000,0,0,20000,0,0,0
2023-09-13 04:47:19.626,2023-09-13 05:08:57.419,7.18,7.18,0,4000,0,7000,119000,0.06,0,12000,0,0,0
2023-09-13 05:55:56.312,2023-09-13 06:01:51.476,1.42,1.42,0,0,0,2000,66000,0.03,0,8000,0,0,0
2023-09-13 06:30:42.512,2023-09-13 08:32:51.882,114.95,40.91,132000,584001,0.23,11002,311004,0.04,1000,28001,0.04,0,0
2023-09-13 08:47:20.103,2023-09-13 09:42:07.842,10.11,10.11,2000,31000,0.06,1000,161001,0.01,0,22000,0,0,0
2023-09-13 18:29:27.274,2023-09-13 18:38:04.086,0.45,0.45,0,0,0,1000,48000,0.02,0,3001,0,0,0
2023-09-13 18:47:53.453,2023-09-13 18:53:59.214,0.52,0.52,0,0,0,0,23001,0,0,2000,0,0,0
2023-09-13 18:56:29.868,2023-09-13 19:00:25.605,0.53,0.53,0,0,0,0,34000,0,0,6000,0,0,0
2023-09-13 19:32:04.714,2023-09-13 19:41:16.022,1.32,1.32,0,0,0,1000,59000,0.02,0,6000,0,1,0
2023-09-13 19:57:29.659,2023-09-13 20:07:38.823,0.69,0.69,0,0,0,0,40001,0,0,5000,0,0,0
2023-09-13 20:15:28.190,2023-09-13 20:19:35.311,0.66,0.66,0,0,0,0,33001,0,0,10000,0,0,0
2023-09-13 23:39:07.572,2023-09-13 23:45:14.683,0.89,0.89,0,0,0,4000,76000,0.05,0,6000,0,0,0
2023-09-14 00:01:10.061,2023-09-14 00:11:47.840,1.44,1.44,0,0,0,7000,76002,0.09,1000,16000,0.06,0,0
2023-09-14 00:21:41.473,2023-09-14 01:04:01.430,6.91,6.81,0,0,0,18000,358009,0.05,0,12000,0,2,0
2023-09-14 04:10:40.749,2023-09-14 04:37:06.110,10.77,8.73,23000,78000,0.29,9999,199004,0.05,1000,19999,0.05,0,0
2023-09-14 05:34:40.143,2023-09-14 05:39:46.501,0.68,0.68,0,0,0,1000,36004,0.03,0,1000,0,0,0
2023-09-14 05:50:56.076,2023-09-14 06:19:20.828,0.1,0.1,0,0,0,0,14000,0,0,0,0,0,0
2023-09-14 12:42:14.338,2023-09-14 12:59:28.667,7.91,7.91,0,31000,0,5998,169998,0.04,0,45999,0,1,0
2023-09-14 13:58:56.423,2023-09-14 14:43:41.958,8.38,8.38,16999,64998,0.26,7001,317003,0.02,1000,49000,0.02,0,0
2023-09-14 17:12:46.975,2023-09-14 17:21:47.925,0.73,0.73,0,0,0,0,34999,0,0,2000,0,0,0
2023-09-14 19:08:22.430,2023-09-14 19:15:42.184,1.25,1.25,0,0,0,2000,66001,0.03,0,11000,0,0,0
2023-09-14 19:26:29.624,2023-09-14 19:49:30.339,1.16,1.16,0,0,0,1000,47001,0.02,0,4000,0,0,0
2023-09-14 23:15:02.251,2023-09-14 23:32:51.154,3.73,3.73,0,19000,0,7000,167004,0.04,0,15999,0,0,0
2023-09-14 23:39:23.622,2023-09-14 23:41:53.604,0.26,0.26,0,0,0,0,18999,0,0,5000,0,0,0
2023-09-14 23:48:25.647,2023-09-15 00:15:24.859,6.58,5.51,2000,17000,0.12,3001,164002,0.02,0,9000,0,0,0
2023-09-15 01:48:17.571,2023-09-15 02:05:20.335,0.14,0.14,0,0,0,0,7000,0,0,0,0,0,0
2023-09-15 03:31:35.382,2023-09-15 03:48:22.114,5.86,5.76,0,66000,0,2000,122002,0.02,0,15000,0,0,0
2023-09-15 04:10:19.132,2023-09-15 04:55:31.266,14.83,10.91,32000,101999,0.31,3000,130000,0.02,0,21000,0,0,0
2023-09-15 04:58:54.998,2023-09-15 05:40:09.279,22.43,15.98,112000,393001,0.28,0,157000,0,0,20000,0,0,0
2023-09-15 06:11:00.332,2023-09-15 06:15:25.282,0.14,0.14,0,0,0,0,2000,0,0,0,0,0,0
2023-09-15 06:29:49.227,2023-09-15 06:37:21.802,1.34,1.34,0,0,0,0,46000,0,0,1000,0,0,0
2023-09-15 06:44:15.030,2023-09-15 07:30:16.632,47.61,11.03,40001,145000,0.28,2000,84004,0.02,0,13000,0,0,0
2023-09-15 08:12:23.626,2023-09-15 09:11:31.665,43.6,5.69,4000,13000,0.31,0,57001,0,0,5000,0,0,0
2023-09-15 09:18:04.825,2023-09-15 09:47:40.543,3.21,3.21,0,0,0,1000,37002,0.03,0,5000,0,0,0
2023-09-15 09:53:51.507,2023-09-15 10:18:33.060,1.58,1.58,0,0,0,0,29999,0,0,2000,0,0,0
2023-09-15 10:45:59.912,2023-09-15 10:54:39.817,2.63,2.63,0,0,0,0,42000,0,0,7000,0,0,0
2023-09-15 23:11:26.899,2023-09-15 23:38:12.434,0.78,0.78,0,0,0,0,43000,0,0,5999,0,0,0
2023-09-16 02:22:45.139,2023-09-16 02:46:16.954,1.26,1.26,0,0,0,1000,48001,0.02,0,14000,0,0,0
2023-09-16 08:05:42.225,2023-09-16 09:00:37.827,8.52,6.88,0,0,0,2000,149003,0.01,0,25000,0,0,0
2023-09-16 09:40:58.604,2023-09-16 09:54:52.947,6.36,5.06,0,0,0,2000,87003,0.02,0,14000,0,0,0
2023-09-16 10:33:45.641,2023-09-16 10:55:56.137,1.45,1.45,0,0,0,0,45000,0,0,6000,0,0,0
2023-09-18 18:57:24.248,2023-09-18 19:27:34.077,1.88,1.88,0,0,0,2000,29000,0.07,0,6000,0,0,0
2023-09-18 23:13:43.897,2023-09-18 23:27:38.933,0.29,0.29,0,0,0,0,11000,0,0,0,0,0,0
2023-09-18 23:35:52.568,2023-09-18 23:37:27.876,0.1,0.1,0,0,0,0,4000,0,0,0,0,0,0
2023-09-18 23:47:16.376,2023-09-18 23:55:48.390,0.44,0.44,0,0,0,0,9000,0,0,1000,0,0,0
2023-09-19 00:22:29.223,2023-09-19 00:30:07.941,0.42,0.42,0,0,0,0,7000,0,0,0,0,0,0
2023-09-19 00:59:06.455,2023-09-19 01:13:17.140,2.15,2.15,0,0,0,2000,44000,0.05,0,8000,0,0,0
2023-09-19 02:17:21.245,2023-09-19 02:28:53.017,2.03,2.03,0,0,0,0,48000,0,0,7000,0,0,0
2023-09-19 03:09:21.586,2023-09-19 03:41:11.422,0.58,0.58,0,0,0,0,9000,0,0,0,0,0,0
2023-09-19 03:42:13.578,2023-09-19 03:47:06.688,0.31,0.31,0,0,0,0,6000,0,0,1000,0,0,0
2023-09-19 03:49:36.485,2023-09-19 04:10:39.840,1.89,1.89,0,0,0,1000,24000,0.04,0,16000,0,0,0
2023-09-19 12:14:12.351,2023-09-19 12:24:34.312,1.47,1.47,0,0,0,0,34001,0,0,2000,0,0,0
2023-09-19 13:19:00.959,2023-09-19 13:20:36.266,0.13,0.13,0,0,0,0,5000,0,0,0,0,0,0
2023-09-19 13:24:16.268,2023-09-19 13:41:33.660,0.12,0.12,0,0,0,0,6000,0,0,0,0,0,0
2023-09-19 13:53:29.191,2023-09-19 14:31:28.380,4.71,4.71,0,0,0,1000,65000,0.02,0,9000,0,0,0
2023-09-19 16:14:28.279,2023-09-19 16:21:00.647,1.86,1.86,0,0,0,1000,47000,0.02,0,7000,0,0,0
2023-09-19 16:26:29.158,2023-09-19 16:48:21.498,1.93,1.93,0,0,0,0,39000,0,0,12000,0,0,0
2023-09-19 21:33:28.227,2023-09-19 21:37:10.957,0.17,0.17,0,0,0,0,3000,0,0,0,0,0,0
2023-09-19 23:37:23.024,2023-09-20 00:01:25.879,2.32,2.32,0,0,0,0,60000,0,0,21001,0,0,0
2023-09-20 01:39:43.735,2023-09-20 02:01:21.994,1,1,0,0,0,0,7000,0,0,0,0,0,0
2023-09-20 03:58:16.758,2023-09-20 04:08:00.498,1.29,1.29,0,0,0,0,47000,0,0,2000,0,0,0
2023-09-20 04:33:28.629,2023-09-20 05:45:03.768,0.36,0.36,0,0,0,0,12000,0,0,0,0,0,0
2023-09-20 05:45:21.269,2023-09-20 06:04:57.918,2.04,1.48,0,0,0,0,41000,0,0,1000,0,0,0
2023-09-20 06:08:51.891,2023-09-20 06:21:31.638,0.88,0.88,0,0,0,0,24000,0,0,1000,0,0,0
2023-09-20 06:32:25.868,2023-09-20 06:38:45.986,0.19,0.19,0,0,0,0,2000,0,0,1000,0,0,0
2023-09-20 07:33:38.179,2023-09-20 07:50:10.914,0.24,0.24,0,0,0,1000,9000,0.11,0,3000,0,0,0
2023-09-20 13:41:32.215,2023-09-20 13:47:39.730,0.63,0.63,0,0,0,0,18000,0,0,4000,0,0,0
2023-09-21 00:27:22.062,2023-09-21 00:29:24.367,0.14,0.13,0,0,0,0,4999,0,0,0,0,0,0
2023-09-21 00:34:07.172,2023-09-21 00:55:54.272,1.45,1.45,0,0,0,0,34001,0,0,2000,0,0,0
2023-09-21 03:11:57.842,2023-09-21 03:19:15.942,1.4,1.4,0,0,0,0,20002,0,0,0,0,0,0
2023-09-21 18:06:51.259,2023-09-21 18:32:20.518,1.41,1.41,0,0,0,0,27001,0,0,2000,0,0,0
2023-09-21 22:56:33.210,2023-09-21 23:01:02.681,0.44,0.44,0,0,0,0,16999,0,0,4000,0,0,0
2023-09-21 23:47:47.994,2023-09-21 23:52:12.642,1.15,1.15,0,10000,0,0,23999,0,0,6000,0,0,0
2023-09-22 06:58:42.999,2023-09-22 07:01:47.559,1.08,1.08,0,0,0,0,16001,0,0,0,0,0,0
2023-09-22 07:37:01.709,2023-09-22 07:40:26.093,1.12,1.12,0,0,0,0,28000,0,0,6000,0,0,0
2023-09-22 21:53:48.544,2023-09-22 22:09:35.227,0.52,0.52,0,0,0,0,18000,0,0,0,0,0,0
2023-09-22 22:20:03.704,2023-09-22 22:27:30.768,0.3,0.3,0,0,0,0,11000,0,0,2000,0,0,0
2023-09-23 05:58:20.026,2023-09-23 06:11:06.565,3.23,3.23,0,0,0,2000,85000,0.02,0,10000,0,0,0
2023-09-23 08:41:25.765,2023-09-23 09:06:20.177,1.27,1.19,0,0,0,0,15000,0,0,1000,0,0,0
2023-09-23 14:01:32.867,2023-09-23 14:11:17.444,0.97,0.97,0,0,0,0,32002,0,0,2000,0,0,0
2023-09-23 14:27:07.782,2023-09-23 14:35:35.497,1.79,1.79,0,0,0,0,29000,0,0,7000,0,0,0
2023-09-23 19:27:39.067,2023-09-23 19:44:53.360,0.57,0.57,0,0,0,0,12000,0,0,1000,0,0,0
2023-09-23 19:57:41.444,2023-09-23 20:10:16.330,0.35,0.35,0,0,0,0,7000,0,0,3000,0,0,0
2023-09-24 01:22:47.775,2023-09-24 01:29:21.842,1.68,1.68,0,0,0,0,23000,0,0,1000,0,0,0
2023-09-24 02:10:28.591,2023-09-24 02:14:45.002,0.54,0.54,0,0,0,0,21000,0,0,1000,0,0,0
2023-09-24 02:41:21.348,2023-09-24 02:47:30.151,0.87,0.87,0,0,0,0,18000,0,0,3000,0,0,0
2023-09-25 01:58:19.638,2023-09-25 02:00:14.552,0.14,0.14,0,0,0,0,3000,0,0,0,0,0,0
2023-09-25 03:03:03.711,2023-09-25 03:05:14.070,0.13,0.13,0,0,0,0,1000,0,0,2000,0,0,0
2023-09-25 05:01:21.146,2023-09-25 05:19:39.472,2.05,2.05,0,0,0,0,32001,0,0,1000,0,0,0
2023-09-25 18:50:55.989,2023-09-25 19:22:50.489,2.99,2.24,0,0,0,6000,105001,0.06,0,26000,0,0,0
2023-09-25 23:38:23.361,2023-09-26 00:03:40.474,0.34,0.34,0,0,0,1000,25000,0.04,0,7000,0,0,0
2023-09-26 00:04:10.981,2023-09-26 00:26:09.481,1.66,0.95,0,0,0,4000,41000,0.1,1000,14000,0.07,0,0
2023-09-26 02:14:41.266,2023-09-26 02:18:24.374,0.64,0.64,0,0,0,0,23998,0,0,2000,0,0,0
2023-09-26 02:21:30.084,2023-09-26 02:44:23.939,10.73,8.41,0,0,0,2000,99000,0.02,0,5000,0,0,0
2023-09-26 05:05:38.342,2023-09-26 05:11:38.982,1.43,1.43,0,0,0,0,41004,0,0,3000,0,0,0
2023-09-26 05:44:03.373,2023-09-26 06:07:26.124,8.98,3.93,0,0,0,1000,74001,0.01,0,0,0,0,0
2023-09-27 15:28:00.297,2023-09-27 15:39:03.107,2.35,2.35,0,0,0,0,54000,0,0,7000,0,0,0
2023-09-27 18:05:25.755,2023-09-27 18:14:44.001,1.78,1.78,0,0,0,0,54000,0,0,5000,0,0,0
2023-09-27 19:49:54.099,2023-09-27 20:31:08.174,1.8,1.8,0,0,0,0,22000,0,0,3000,0,0,0
2023-09-27 21:31:41.517,2023-09-27 22:37:01.886,39.65,11.19,36000,119000,0.3,0,94999,0,0,6000,0,0,0
2023-09-27 23:35:24.897,2023-09-28 01:42:20.257,73.79,24.53,43000,299001,0.14,6000,255005,0.02,1000,6000,0.17,1,0
2023-09-28 03:36:40.933,2023-09-28 03:46:48.916,1.24,1.24,0,0,0,0,58001,0,0,1000,0,0,0
2023-09-28 04:27:07.611,2023-09-28 04:33:43.367,0.73,0.73,0,0,0,0,31000,0,0,0,0,0,0
2023-09-28 04:47:25.124,2023-09-28 04:51:01.490,0.71,0.71,0,0,0,1000,34000,0.03,0,2000,0,0,0
2023-09-28 19:03:28.466,2023-09-28 19:10:20.869,0.57,0.57,0,0,0,0,35000,0,0,0,0,0,0
2023-09-28 19:18:59.594,2023-09-28 19:25:31.708,0.8,0.8,0,0,0,0,38000,0,0,0,0,0,0
2023-09-28 19:29:36.830,2023-09-28 20:08:13.212,12.45,9.86,14000,100000,0.14,7001,161004,0.04,0,7000,0,1,0
2023-09-28 21:32:24.918,2023-09-28 21:46:08.747,2.86,2.86,0,0,0,0,72001,0,0,1000,0,0,0
2023-09-28 22:35:23.713,2023-09-28 22:52:20.855,0.12,0.12,0,0,0,0,2000,0,0,0,0,0,0
2023-09-28 23:46:13.717,2023-09-29 00:20:12.049,0.33,0.33,0,0,0,0,20000,0,0,0,0,0,0
2023-09-29 00:20:40.651,2023-09-29 00:41:52.247,0.4,0.4,0,0,0,0,14000,0,0,1000,0,0,0
2023-09-29 00:44:20.402,2023-09-29 01:28:51.644,22.15,14.01,30000,228000,0.13,1000,155001,0.01,0,12000,0,0,0
2023-09-29 01:42:12.265,2023-09-29 02:04:35.467,0.45,0.45,0,0,0,0,13000,0,0,1000,0,0,0
2023-09-29 03:18:28.585,2023-09-29 04:17:37.506,28.92,24.37,74000,426000,0.17,3000,144002,0.02,0,20000,0,0,0
2023-09-29 05:29:12.491,2023-09-29 05:30:59.490,0.13,0.13,0,0,0,0,10000,0,0,0,0,0,0
2023-09-29 05:34:46.557,2023-09-29 06:10:36.626,15.91,12.87,69000,182000,0.38,1000,166001,0.01,0,37001,0,0,0
2023-09-29 07:53:25.328,2023-09-29 08:05:11.547,2.88,2.88,0,0,0,5000,92000,0.05,0,7999,0,0,0
2023-09-29 08:58:06.293,2023-09-29 09:24:58.501,14.93,7.71,7000,46999,0.15,0,105001,0,0,21000,0,0,0
2023-09-29 09:56:39.731,2023-09-29 10:05:34.129,1.97,1.97,0,0,0,1000,32000,0.03,0,1000,0,0,0
2023-09-29 10:47:18.035,2023-09-29 10:49:46.042,0.76,0.76,0,0,0,0,18000,0,0,2000,0,0,0
2023-09-29 10:57:23.744,2023-09-29 11:00:51.352,1.14,1.14,0,0,0,0,29000,0,0,9000,0,0,0
2023-09-29 12:31:11.398,2023-09-29 12:46:47.475,4.93,4.57,20000,119000,0.17,0,70998,0,0,9000,0,0,0
2023-09-29 14:46:00.325,2023-09-29 15:03:14.752,0.33,0.33,0,0,0,0,20001,0,0,1000,0,0,0
2023-09-29 15:04:10.755,2023-09-29 16:17:27.300,23.45,10.99,88002,210003,0.42,5000,231001,0.02,0,26000,0,1,0
2023-09-29 16:17:33.597,2023-09-29 16:34:58.377,0.14,0.14,0,0,0,0,4000,0,0,0,0,0,0
2023-09-29 20:10:43.620,2023-09-29 20:16:57.345,0.26,0.26,0,0,0,0,5000,0,0,1001,0,0,0
2023-09-29 21:22:27.716,2023-09-29 21:56:29.494,13.73,13.64,190001,460001,0.41,1000,123000,0.01,0,8000,0,0,0
2023-09-29 23:55:27.898,2023-09-30 00:17:27.481,0.21,0.21,0,0,0,0,5000,0,0,0,0,0,0
2023-09-30 00:31:03.804,2023-09-30 00:58:18.100,1.63,1.63,0,0,0,0,43000,0,0,1000,0,0,0
2023-09-30 01:46:08.331,2023-09-30 02:39:50.875,26.67,20.93,60998,317997,0.19,12002,427005,0.03,1000,37998,0.03,2,0
2023-09-30 02:44:32.091,2023-09-30 02:47:39.192,0.2,0.2,0,0,0,2000,10000,0.2,0,1000,0,0,0
2023-09-30 03:02:21.365,2023-09-30 03:49:16.552,8.29,5.76,6000,74000,0.08,1000,74999,0.01,0,4000,0,1,0
2023-09-30 06:41:32.221,2023-09-30 08:38:47.796,79.74,26.25,6001,116001,0.05,7000,306997,0.02,0,16000,0,0,0
2023-09-30 09:37:55.914,2023-09-30 09:53:36.266,5.42,5.42,0,0,0,0,54000,0,0,5000,0,0,0
2023-09-30 10:11:25.567,2023-09-30 10:15:10.630,0.34,0.34,0,0,0,0,12000,0,0,3000,0,0,0
2023-09-30 10:15:52.544,2023-09-30 10:31:15.670,5.08,5.08,0,8000,0,2000,42000,0.05,0,1000,0,0,0
2023-09-30 10:32:19.625,2023-09-30 10:46:09.750,2.25,2.25,0,0,0,0,34998,0,0,4000,0,0,0
2023-09-30 11:19:40.409,2023-09-30 11:34:33.487,8.42,8.42,2000,16000,0.12,0,47999,0,0,9000,0,0,0
2023-10-01 08:35:41.406,2023-10-01 08:39:46.266,0.13,0.13,0,0,0,0,2000,0,0,2000,0,0,0
2023-10-01 08:50:06.126,2023-10-01 08:55:24.937,0.38,0.38,0,0,0,0,17000,0,0,1000,0,0,0
2023-10-02 01:38:13.249,2023-10-02 01:45:56.056,0.43,0.43,0,0,0,0,16000,0,0,1000,0,0,0
2023-10-02 03:32:11.851,2023-10-02 03:35:25.114,0.44,0.44,0,0,0,0,25000,0,0,2000,0,0,0
2023-10-02 03:45:27.272,2023-10-02 03:47:02.428,0.26,0.26,0,0,0,0,14000,0,0,1000,0,0,0
2023-10-02 03:48:01.858,2023-10-02 03:49:19.370,0.24,0.24,0,0,0,0,19000,0,0,2000,0,0,0
2023-10-02 19:07:35.723,2023-10-02 19:27:48.140,4.48,3.4,0,0,0,999,98998,0.01,0,2000,0,0,0
2023-10-02 21:05:10.106,2023-10-02 21:21:06.535,0.6,0.6,0,0,0,0,17001,0,0,4000,0,0,0
2023-10-02 21:48:58.731,2023-10-02 22:23:44.094,14.24,13.85,2000,8000,0.25,2000,237004,0.01,0,21000,0,0,0
2023-10-02 22:47:38.936,2023-10-02 23:31:05.905,22.99,6.46,64000,188999,0.34,2000,66000,0.03,2000,23000,0.09,0,0
2023-10-03 03:21:49.964,2023-10-03 03:47:09.816,24.04,7.19,20000,95001,0.21,0,51001,0,0,10001,0,0,0
2023-10-03 03:54:57.881,2023-10-03 04:04:44.193,2.38,1.94,0,0,0,3000,40001,0.07,0,7001,0,0,0
2023-10-03 20:23:09.540,2023-10-03 20:45:44.354,1.63,1.63,0,0,0,4000,75997,0.05,0,7000,0,0,0
2023-10-03 22:20:31.044,2023-10-03 22:45:44.141,3.68,3.68,0,4000,0,1000,85997,0.01,0,9000,0,0,0
2023-10-04 02:47:55.194,2023-10-04 02:56:39.473,3.81,3.81,2000,12000,0.17,0,46999,0,0,5000,0,0,0
2023-10-04 02:59:40.373,2023-10-04 03:11:17.351,5.26,4.86,0,97000,0,2000,70000,0.03,0,13000,0,0,0
2023-10-04 03:24:54.361,2023-10-04 03:30:42.984,1.56,1.56,0,0,0,4000,70002,0.06,0,5000,0,0,0
2023-10-04 03:33:20.451,2023-10-04 03:34:18.019,0.12,0.12,0,0,0,0,10999,0,0,4000,0,0,0
2023-10-04 03:34:48.876,2023-10-04 03:42:21.439,4.59,2.16,17999,34999,0.51,1000,56002,0.02,0,16999,0,0,0
2023-10-04 03:43:12.985,2023-10-04 03:44:12.944,0.14,0.14,0,0,0,1000,9000,0.11,0,6000,0,0,0
2023-10-04 03:46:11.141,2023-10-04 03:53:14.241,0.44,0.44,0,0,0,0,25000,0,0,8001,0,0,0
2023-10-04 07:38:42.213,2023-10-04 07:42:20.627,0.36,0.36,0,0,0,0,5000,0,0,0,0,0,0
2023-10-04 08:21:13.671,2023-10-04 08:41:32.714,0.71,0.71,0,0,0,0,21000,0,0,3000,0,0,0
2023-10-04 20:01:25.569,2023-10-04 20:38:21.866,4.54,4,0,0,0,1000,113002,0.01,0,7000,0,0,0
2023-10-04 20:54:52.508,2023-10-04 21:10:44.346,4.47,4.47,0,0,0,0,76001,0,0,8000,0,0,0
2023-10-04 21:42:04.173,2023-10-04 22:13:58.104,4.3,3.87,0,1000,0,0,109001,0,0,10000,0,0,0
2023-10-05 04:52:49.492,2023-10-05 05:09:48.035,3.87,3.74,0,0,0,0,33000,0,0,5000,0,0,0
2023-10-05 05:34:26.632,2023-10-05 05:40:53.994,1.06,1.06,0,0,0,0,26000,0,0,4000,0,0,0
2023-10-05 06:12:51.903,2023-10-05 06:36:39.167,0.53,0.53,0,0,0,0,17000,0,0,0,0,0,0
2023-10-05 23:44:21.850,2023-10-06 00:07:05.317,4.38,4.38,0,0,0,0,91000,0,0,8000,0,0,0
2023-10-06 00:32:24.072,2023-10-06 00:59:03.801,4.39,4.39,0,0,0,0,85000,0,0,8000,0,1,0
2023-10-06 04:28:18.263,2023-10-06 04:40:38.019,2.03,2.03,0,0,0,0,80001,0,0,13999,0,0,0
2023-10-06 18:24:24.042,2023-10-06 18:52:50.444,4.41,3.62,0,0,0,1000,75000,0.01,0,1000,0,0,0
2023-10-07 01:03:49.435,2023-10-07 01:50:50.360,7.69,7.06,0,0,0,0,78001,0,0,4000,0,0,0
2023-10-07 04:52:00.262,2023-10-07 05:03:10.688,3.88,3.88,0,0,0,0,32000,0,0,5000,0,0,0
2023-10-07 05:48:49.428,2023-10-07 05:50:43.086,0.29,0.29,0,0,0,0,19000,0,0,7000,0,0,0
2023-10-07 05:52:29.334,2023-10-07 05:54:00.790,0.63,0.63,0,0,0,0,13000,0,0,3000,0,0,0
2023-10-07 05:54:20.898,2023-10-07 06:20:03.003,3.31,3.31,0,0,0,2000,71000,0.03,0,4000,0,0,0
2023-10-07 12:13:17.353,2023-10-07 12:39:55.907,10.2,9.5,0,0,0,4000,105999,0.04,0,0,0,0,0
2023-10-07 14:19:53.519,2023-10-07 15:32:46.401,15.21,13.55,0,0,0,0,154000,0,0,7000,0,0,0
2023-10-07 15:38:49.971,2023-10-07 15:40:08.818,0.12,0.12,0,0,0,0,18000,0,0,0,0,0,0
2023-10-07 15:55:29.439,2023-10-07 16:13:19.706,0.4,0.4,0,0,0,0,46001,0,0,0,0,0,0
2023-10-09 00:30:40.724,2023-10-09 00:33:43.082,0.36,0.36,0,0,0,0,23000,0,0,2000,0,0,0
2023-10-09 00:34:14.379,2023-10-09 01:36:48.915,16.32,15.85,0,1000,0,0,316998,0,0,6000,0,0,0
2023-10-09 03:44:20.492,2023-10-09 03:54:51.170,3.49,3.49,6000,24000,0.25,0,48001,0,0,3000,0,0,0
2023-10-09 03:59:30.029,2023-10-09 04:20:41.123,0.42,0.42,0,0,0,0,13000,0,0,2000,0,0,0
2023-10-09 04:23:16.929,2023-10-09 04:35:30.257,8.16,8.16,0,46000,0,2000,80999,0.02,0,6001,0,0,0
2023-10-09 04:42:45.127,2023-10-09 05:18:59.557,7.61,7.61,0,0,0,2000,108999,0.02,0,6000,0,0,0
2023-10-09 06:07:29.810,2023-10-09 06:38:49.577,8.3,4.91,0,0,0,0,52000,0,0,6000,0,0,0
2023-10-09 06:52:32.503,2023-10-09 06:58:42.321,0.11,0.11,0,0,0,0,3000,0,0,0,0,0,0
2023-10-09 14:39:26.368,2023-10-09 14:57:50.645,0.28,0.28,0,0,0,0,4000,0,0,0,0,0,0
2023-10-09 15:36:26.511,2023-10-09 15:51:19.737,0.71,0.71,0,0,0,0,11000,0,0,0,0,0,0
2023-10-09 16:50:28.308,2023-10-09 17:18:41.129,4.31,4.31,0,6000,0,0,35000,0,0,2000,0,0,0
2023-10-09 17:36:24.977,2023-10-09 18:03:39.485,8.43,8.43,0,0,0,0,94001,0,0,2000,0,0,0
2023-10-10 02:19:06.011,2023-10-10 02:33:32.695,0.17,0.17,0,0,0,0,1000,0,0,0,0,0,0
2023-10-10 02:55:56.226,2023-10-10 03:03:54.450,0.96,0.96,0,0,0,0,13000,0,0,0,0,0,0
2023-10-10 03:08:50.172,2023-10-10 03:11:45.922,0.18,0.18,0,0,0,0,4000,0,0,0,0,0,0
2023-10-10 03:57:40.637,2023-10-10 04:10:24.234,0.29,0.29,0,0,0,0,6000,0,0,0,0,0,0
2023-10-10 05:47:14.295,2023-10-10 05:48:44.301,0.15,0.15,0,0,0,0,4000,0,0,0,0,0,0
2023-10-10 05:49:17.203,2023-10-10 05:56:57.472,0.35,0.35,0,0,0,0,3000,0,0,0,0,0,0
2023-10-10 07:59:05.006,2023-10-10 08:20:27.040,4.33,4.33,0,120000,0,0,32001,0,0,1000,0,0,0
2023-10-10 15:23:05.040,2023-10-10 15:40:05.126,2.47,2.47,2000,9000,0.22,0,50000,0,0,1000,0,0,0
2023-10-10 15:47:15.286,2023-10-10 16:02:30.355,1.74,1.74,0,0,0,0,14000,0,0,0,0,0,0
2023-10-10 16:12:05.487,2023-10-10 16:36:01.672,1.05,1.05,0,0,0,0,34000,0,0,3000,0,0,0
2023-10-10 16:46:51.440,2023-10-10 17:09:36.383,4.73,4.73,0,0,0,0,76000,0,0,1000,0,0,0
2023-10-10 20:41:33.068,2023-10-10 20:55:31.946,3.94,3.94,0,0,0,0,42000,0,0,3000,0,0,0
2023-10-10 20:56:44.695,2023-10-10 21:07:47.467,4.37,4.37,0,0,0,0,37001,0,0,0,0,0,0
2023-10-10 21:44:54.347,2023-10-10 22:20:13.970,9.12,8.66,2000,135000,0.01,2000,124003,0.02,0,6000,0,0,0
2023-10-11 02:54:44.740,2023-10-11 02:56:28.036,0.11,0.11,0,0,0,0,10000,0,0,0,0,0,0
2023-10-11 03:40:12.377,2023-10-11 04:00:02.514,0.48,0.48,0,0,0,0,13000,0,0,0,0,0,0
2023-10-11 04:25:40.641,2023-10-11 04:45:32.932,0.26,0.26,0,0,0,0,3000,0,0,0,0,0,0
2023-10-11 04:54:32.395,2023-10-11 05:07:52.569,0.42,0.42,0,0,0,0,23000,0,0,1000,0,0,0
2023-10-11 05:19:25.133,2023-10-11 05:26:47.877,0.2,0.2,0,0,0,0,8000,0,0,0,0,0,0
2023-10-11 19:58:35.372,2023-10-11 20:19:47.957,4.36,4.36,0,7000,0,2000,71001,0.03,0,5000,0,0,0
2023-10-12 00:56:18.829,2023-10-12 01:11:27.909,4.36,4.36,7000,9000,0.78,1000,69999,0.01,0,7000,0,0,0
2023-10-12 18:03:55.082,2023-10-12 18:09:32.871,0.69,0.69,0,0,0,0,28000,0,0,4000,0,0,0
2023-10-12 18:14:24.532,2023-10-12 18:18:30.419,0.82,0.82,0,0,0,0,31000,0,0,7000,0,0,0
2023-10-12 19:59:25.287,2023-10-12 20:32:03.347,4.38,4.38,0,0,0,2000,125000,0.02,0,10000,0,0,0
2023-10-13 01:32:23.951,2023-10-13 02:08:30.299,3.84,3.84,0,0,0,1000,50000,0.02,0,10000,0,0,0
2023-10-13 02:59:59.933,2023-10-13 03:14:05.068,1.15,1.15,0,0,0,0,47999,0,0,7000,0,0,0
2023-10-13 18:26:35.961,2023-10-13 19:02:18.020,4.34,4.34,0,0,0,0,75000,0,0,6000,0,0,0
2023-10-13 19:46:53.452,2023-10-13 20:03:47.566,4.54,3.31,0,32000,0,0,54001,0,0,5000,0,0,0
2023-10-13 20:49:34.609,2023-10-13 21:07:33.992,0.1,0.1,0,0,0,0,3000,0,0,0,0,0,0
2023-10-14 00:38:23.346,2023-10-14 02:20:46.310,35.85,12.27,0,5000,0,15000,334000,0.04,0,55999,0,0,0
2023-10-14 02:56:56.833,2023-10-14 03:18:51.817,7.18,6.59,0,0,0,3000,94000,0.03,0,3000,0,0,0
2023-10-14 04:17:30.387,2023-10-14 04:22:35.298,1.87,1.87,0,0,0,4000,40000,0.1,0,4000,0,0,0
2023-10-14 04:31:09.665,2023-10-14 04:49:48.654,7.48,5.85,0,31000,0,2000,78000,0.03,0,3000,0,0,0
2023-10-14 05:08:34.389,2023-10-14 05:19:36.209,0.25,0.25,0,0,0,0,4000,0,0,0,0,0,0
2023-10-14 07:23:50.087,2023-10-14 08:24:10.126,42.95,21.29,35000,266001,0.13,2000,151000,0.01,0,3000,0,0,0
2023-10-14 08:28:47.979,2023-10-14 08:47:29.405,1.15,0.59,0,0,0,0,9999,0,0,0,0,0,0
2023-10-14 08:48:46.508,2023-10-14 08:57:26.873,4.83,3.69,0,0,0,5000,28000,0.18,0,4000,0,0,0
2023-10-14 11:03:53.645,2023-10-14 12:27:10.807,76.19,18.75,4000,21000,0.19,0,75002,0,0,3000,0,0,0
2023-10-14 18:57:00.227,2023-10-14 19:22:23.530,23,13.92,0,4000,0,5000,118002,0.04,0,44000,0,0,0
2023-10-14 19:22:41.587,2023-10-14 20:17:32.185,33.71,16.91,0,251002,0,1000,68001,0.01,0,22001,0,0,0
2023-10-14 22:00:26.197,2023-10-14 22:18:46.327,10.4,3.66,0,0,0,2000,44000,0.05,0,10000,0,0,0
,,3628.67,2227.69,6088007,26650014,0.04432243,749001,33076145,0.014906542,106001,7437032,1.87,23,2
,,,,,,,,,,,,0.00051534,,
,,,,,,,,,,,,0.004369159,,